[
  {
    "id": "1.0_f_photo_test_only13947",
    "image": "images/1.0_f_photo_test_only13947.jpg",
    "conversations": [
      {
        "from": "human",
        "value": "<image>\n\nThe age groups are: 0: (0-14), 1: (15-24), 2: (25-34), 3: (35-44), 4: (45-54), 5: (55-64) and 6: 65+.\nYou are provided a crop of the person from the frame of a camera video. Based on this crop, predict the following:\n- Age group\n- Gender (m or f)\nYou need to answer in the following format of <age group, gender>, here's an example: 0,f.\nBased on the given crop, predict the above attributes.\n"
      },
      {
        "from": "gpt",
        "value": "3,f"
      }
    ]
  },
  {
    "id": "1.0_m_1057_5336",
    "image": "images/1.0_m_1057_5336.png",
    "conversations": [
      {
        "from": "human",
        "value": "<image>\n\nThe age groups are: 0: (0-14), 1: (15-24), 2: (25-34), 3: (35-44), 4: (45-54), 5: (55-64) and 6: 65+.\nYou are provided a crop of the person from the frame of a camera video. Based on this crop, predict the following:\n- Age group\n- Gender (m or f)\nYou need to answer in the following format of <age group, gender>, here's an example: 0,f.\nBased on the given crop, predict the above attributes.\n"
      },
      {
        "from": "gpt",
        "value": "4,m"
      }
    ]
  },
  {
    "id": "1.0_f_22092_57485",
    "image": "images/1.0_f_22092_57485.png",
    "conversations": [
      {
        "from": "human",
        "value": "<image>\n\nThe age groups are: 0: (0-14), 1: (15-24), 2: (25-34), 3: (35-44), 4: (45-54), 5: (55-64) and 6: 65+.\nYou are provided a crop of the person from the frame of a camera video. Based on this crop, predict the following:\n- Age group\n- Gender (m or f)\nYou need to answer in the following format of <age group, gender>, here's an example: 0,f.\nBased on the given crop, predict the above attributes.\n"
      },
      {
        "from": "gpt",
        "value": "6,f"
      }
    ]
  },
  {
    "id": "1.0_f_4592",
    "image": "images/1.0_f_4592.jpg",
    "conversations": [
      {
        "from": "human",
        "value": "<image>\n\nThe age groups are: 0: (0-14), 1: (15-24), 2: (25-34), 3: (35-44), 4: (45-54), 5: (55-64) and 6: 65+.\nYou are provided a crop of the person from the frame of a camera video. Based on this crop, predict the following:\n- Age group\n- Gender (m or f)\nYou need to answer in the following format of <age group, gender>, here's an example: 0,f.\nBased on the given crop, predict the above attributes.\n"
      },
      {
        "from": "gpt",
        "value": "5,f"
      }
    ]
  },
  {
    "id": "1.0_f_0_129",
    "image": "images/1.0_f_0_129.jpg",
    "conversations": [
      {
        "from": "human",
        "value": "<image>\n\nThe age groups are: 0: (0-14), 1: (15-24), 2: (25-34), 3: (35-44), 4: (45-54), 5: (55-64) and 6: 65+.\nYou are provided a crop of the person from the frame of a camera video. Based on this crop, predict the following:\n- Age group\n- Gender (m or f)\nYou need to answer in the following format of <age group, gender>, here's an example: 0,f.\nBased on the given crop, predict the above attributes.\n"
      },
      {
        "from": "gpt",
        "value": "0,f"
      }
    ]
  },
  {
    "id": "1.0_f_2386_1756",
    "image": "images/1.0_f_2386_1756.png",
    "conversations": [
      {
        "from": "human",
        "value": "<image>\n\nThe age groups are: 0: (0-14), 1: (15-24), 2: (25-34), 3: (35-44), 4: (45-54), 5: (55-64) and 6: 65+.\nYou are provided a crop of the person from the frame of a camera video. Based on this crop, predict the following:\n- Age group\n- Gender (m or f)\nYou need to answer in the following format of <age group, gender>, here's an example: 0,f.\nBased on the given crop, predict the above attributes.\n"
      },
      {
        "from": "gpt",
        "value": "3,f"
      }
    ]
  },
  {
    "id": "1.0_m_34728",
    "image": "images/1.0_m_34728.jpg",
    "conversations": [
      {
        "from": "human",
        "value": "<image>\n\nThe age groups are: 0: (0-14), 1: (15-24), 2: (25-34), 3: (35-44), 4: (45-54), 5: (55-64) and 6: 65+.\nYou are provided a crop of the person from the frame of a camera video. Based on this crop, predict the following:\n- Age group\n- Gender (m or f)\nYou need to answer in the following format of <age group, gender>, here's an example: 0,f.\nBased on the given crop, predict the above attributes.\n"
      },
      {
        "from": "gpt",
        "value": "1,m"
      }
    ]
  },
  {
    "id": "1.0_m_16296",
    "image": "images/1.0_m_16296.jpg",
    "conversations": [
      {
        "from": "human",
        "value": "<image>\n\nThe age groups are: 0: (0-14), 1: (15-24), 2: (25-34), 3: (35-44), 4: (45-54), 5: (55-64) and 6: 65+.\nYou are provided a crop of the person from the frame of a camera video. Based on this crop, predict the following:\n- Age group\n- Gender (m or f)\nYou need to answer in the following format of <age group, gender>, here's an example: 0,f.\nBased on the given crop, predict the above attributes.\n"
      },
      {
        "from": "gpt",
        "value": "5,m"
      }
    ]
  },
  {
    "id": "1.0_f_5225999_5113622_464f54c2-84b4-486a-9816-391cae906308_1637472238987_11586",
    "image": "images/1.0_f_5225999_5113622_464f54c2-84b4-486a-9816-391cae906308_1637472238987_11586.jpg",
    "conversations": [
      {
        "from": "human",
        "value": "<image>\n\nThe age groups are: 0: (0-14), 1: (15-24), 2: (25-34), 3: (35-44), 4: (45-54), 5: (55-64) and 6: 65+.\nYou are provided a crop of the person from the frame of a camera video. Based on this crop, predict the following:\n- Age group\n- Gender (m or f)\nYou need to answer in the following format of <age group, gender>, here's an example: 0,f.\nBased on the given crop, predict the above attributes.\n"
      },
      {
        "from": "gpt",
        "value": "3,f"
      }
    ]
  },
  {
    "id": "1.0_m_22699",
    "image": "images/1.0_m_22699.jpg",
    "conversations": [
      {
        "from": "human",
        "value": "<image>\n\nThe age groups are: 0: (0-14), 1: (15-24), 2: (25-34), 3: (35-44), 4: (45-54), 5: (55-64) and 6: 65+.\nYou are provided a crop of the person from the frame of a camera video. Based on this crop, predict the following:\n- Age group\n- Gender (m or f)\nYou need to answer in the following format of <age group, gender>, here's an example: 0,f.\nBased on the given crop, predict the above attributes.\n"
      },
      {
        "from": "gpt",
        "value": "5,m"
      }
    ]
  },
  {
    "id": "1.0_m_4899_9762",
    "image": "images/1.0_m_4899_9762.png",
    "conversations": [
      {
        "from": "human",
        "value": "<image>\n\nThe age groups are: 0: (0-14), 1: (15-24), 2: (25-34), 3: (35-44), 4: (45-54), 5: (55-64) and 6: 65+.\nYou are provided a crop of the person from the frame of a camera video. Based on this crop, predict the following:\n- Age group\n- Gender (m or f)\nYou need to answer in the following format of <age group, gender>, here's an example: 0,f.\nBased on the given crop, predict the above attributes.\n"
      },
      {
        "from": "gpt",
        "value": "1,m"
      }
    ]
  },
  {
    "id": "1.0_f_22560",
    "image": "images/1.0_f_22560.jpg",
    "conversations": [
      {
        "from": "human",
        "value": "<image>\n\nThe age groups are: 0: (0-14), 1: (15-24), 2: (25-34), 3: (35-44), 4: (45-54), 5: (55-64) and 6: 65+.\nYou are provided a crop of the person from the frame of a camera video. Based on this crop, predict the following:\n- Age group\n- Gender (m or f)\nYou need to answer in the following format of <age group, gender>, here's an example: 0,f.\nBased on the given crop, predict the above attributes.\n"
      },
      {
        "from": "gpt",
        "value": "5,f"
      }
    ]
  },
  {
    "id": "1.0_f_30798",
    "image": "images/1.0_f_30798.jpg",
    "conversations": [
      {
        "from": "human",
        "value": "<image>\n\nThe age groups are: 0: (0-14), 1: (15-24), 2: (25-34), 3: (35-44), 4: (45-54), 5: (55-64) and 6: 65+.\nYou are provided a crop of the person from the frame of a camera video. Based on this crop, predict the following:\n- Age group\n- Gender (m or f)\nYou need to answer in the following format of <age group, gender>, here's an example: 0,f.\nBased on the given crop, predict the above attributes.\n"
      },
      {
        "from": "gpt",
        "value": "4,f"
      }
    ]
  },
  {
    "id": "1.0_m_408_84c96c09-02ca-4bdf-a535-4e1c00602f6c_1636105762413_350",
    "image": "images/1.0_m_408_84c96c09-02ca-4bdf-a535-4e1c00602f6c_1636105762413_350.jpg",
    "conversations": [
      {
        "from": "human",
        "value": "<image>\n\nThe age groups are: 0: (0-14), 1: (15-24), 2: (25-34), 3: (35-44), 4: (45-54), 5: (55-64) and 6: 65+.\nYou are provided a crop of the person from the frame of a camera video. Based on this crop, predict the following:\n- Age group\n- Gender (m or f)\nYou need to answer in the following format of <age group, gender>, here's an example: 0,f.\nBased on the given crop, predict the above attributes.\n"
      },
      {
        "from": "gpt",
        "value": "6,f"
      }
    ]
  },
  {
    "id": "0.99_f_15511_5806",
    "image": "images/0.99_f_15511_5806.png",
    "conversations": [
      {
        "from": "human",
        "value": "<image>\n\nThe age groups are: 0: (0-14), 1: (15-24), 2: (25-34), 3: (35-44), 4: (45-54), 5: (55-64) and 6: 65+.\nYou are provided a crop of the person from the frame of a camera video. Based on this crop, predict the following:\n- Age group\n- Gender (m or f)\nYou need to answer in the following format of <age group, gender>, here's an example: 0,f.\nBased on the given crop, predict the above attributes.\n"
      },
      {
        "from": "gpt",
        "value": "4,f"
      }
    ]
  },
  {
    "id": "1.0_f_19268_49586",
    "image": "images/1.0_f_19268_49586.png",
    "conversations": [
      {
        "from": "human",
        "value": "<image>\n\nThe age groups are: 0: (0-14), 1: (15-24), 2: (25-34), 3: (35-44), 4: (45-54), 5: (55-64) and 6: 65+.\nYou are provided a crop of the person from the frame of a camera video. Based on this crop, predict the following:\n- Age group\n- Gender (m or f)\nYou need to answer in the following format of <age group, gender>, here's an example: 0,f.\nBased on the given crop, predict the above attributes.\n"
      },
      {
        "from": "gpt",
        "value": "5,f"
      }
    ]
  },
  {
    "id": "1.0_m_9547_24594",
    "image": "images/1.0_m_9547_24594.png",
    "conversations": [
      {
        "from": "human",
        "value": "<image>\n\nThe age groups are: 0: (0-14), 1: (15-24), 2: (25-34), 3: (35-44), 4: (45-54), 5: (55-64) and 6: 65+.\nYou are provided a crop of the person from the frame of a camera video. Based on this crop, predict the following:\n- Age group\n- Gender (m or f)\nYou need to answer in the following format of <age group, gender>, here's an example: 0,f.\nBased on the given crop, predict the above attributes.\n"
      },
      {
        "from": "gpt",
        "value": "6,m"
      }
    ]
  },
  {
    "id": "1.0_f_7823_3242_0",
    "image": "images/1.0_f_7823_3242_0.png",
    "conversations": [
      {
        "from": "human",
        "value": "<image>\n\nThe age groups are: 0: (0-14), 1: (15-24), 2: (25-34), 3: (35-44), 4: (45-54), 5: (55-64) and 6: 65+.\nYou are provided a crop of the person from the frame of a camera video. Based on this crop, predict the following:\n- Age group\n- Gender (m or f)\nYou need to answer in the following format of <age group, gender>, here's an example: 0,f.\nBased on the given crop, predict the above attributes.\n"
      },
      {
        "from": "gpt",
        "value": "0,f"
      }
    ]
  },
  {
    "id": "1.0_m_6942_1046",
    "image": "images/1.0_m_6942_1046.png",
    "conversations": [
      {
        "from": "human",
        "value": "<image>\n\nThe age groups are: 0: (0-14), 1: (15-24), 2: (25-34), 3: (35-44), 4: (45-54), 5: (55-64) and 6: 65+.\nYou are provided a crop of the person from the frame of a camera video. Based on this crop, predict the following:\n- Age group\n- Gender (m or f)\nYou need to answer in the following format of <age group, gender>, here's an example: 0,f.\nBased on the given crop, predict the above attributes.\n"
      },
      {
        "from": "gpt",
        "value": "4,m"
      }
    ]
  },
  {
    "id": "1.0_f_6905_378",
    "image": "images/1.0_f_6905_378.png",
    "conversations": [
      {
        "from": "human",
        "value": "<image>\n\nThe age groups are: 0: (0-14), 1: (15-24), 2: (25-34), 3: (35-44), 4: (45-54), 5: (55-64) and 6: 65+.\nYou are provided a crop of the person from the frame of a camera video. Based on this crop, predict the following:\n- Age group\n- Gender (m or f)\nYou need to answer in the following format of <age group, gender>, here's an example: 0,f.\nBased on the given crop, predict the above attributes.\n"
      },
      {
        "from": "gpt",
        "value": "0,f"
      }
    ]
  },
  {
    "id": "1.0_m_12807_4616",
    "image": "images/1.0_m_12807_4616.png",
    "conversations": [
      {
        "from": "human",
        "value": "<image>\n\nThe age groups are: 0: (0-14), 1: (15-24), 2: (25-34), 3: (35-44), 4: (45-54), 5: (55-64) and 6: 65+.\nYou are provided a crop of the person from the frame of a camera video. Based on this crop, predict the following:\n- Age group\n- Gender (m or f)\nYou need to answer in the following format of <age group, gender>, here's an example: 0,f.\nBased on the given crop, predict the above attributes.\n"
      },
      {
        "from": "gpt",
        "value": "2,m"
      }
    ]
  },
  {
    "id": "1.0_m_3_131_0.74",
    "image": "images/1.0_m_3_131_0.74.jpg",
    "conversations": [
      {
        "from": "human",
        "value": "<image>\n\nThe age groups are: 0: (0-14), 1: (15-24), 2: (25-34), 3: (35-44), 4: (45-54), 5: (55-64) and 6: 65+.\nYou are provided a crop of the person from the frame of a camera video. Based on this crop, predict the following:\n- Age group\n- Gender (m or f)\nYou need to answer in the following format of <age group, gender>, here's an example: 0,f.\nBased on the given crop, predict the above attributes.\n"
      },
      {
        "from": "gpt",
        "value": "5,m"
      }
    ]
  },
  {
    "id": "1.0_f_12516_31616",
    "image": "images/1.0_f_12516_31616.png",
    "conversations": [
      {
        "from": "human",
        "value": "<image>\n\nThe age groups are: 0: (0-14), 1: (15-24), 2: (25-34), 3: (35-44), 4: (45-54), 5: (55-64) and 6: 65+.\nYou are provided a crop of the person from the frame of a camera video. Based on this crop, predict the following:\n- Age group\n- Gender (m or f)\nYou need to answer in the following format of <age group, gender>, here's an example: 0,f.\nBased on the given crop, predict the above attributes.\n"
      },
      {
        "from": "gpt",
        "value": "2,f"
      }
    ]
  },
  {
    "id": "0.97_m_40565_c0bf5949-d72b-47e7-8021-90804d082547_1637031827374_452",
    "image": "images/0.97_m_40565_c0bf5949-d72b-47e7-8021-90804d082547_1637031827374_452.jpg",
    "conversations": [
      {
        "from": "human",
        "value": "<image>\n\nThe age groups are: 0: (0-14), 1: (15-24), 2: (25-34), 3: (35-44), 4: (45-54), 5: (55-64) and 6: 65+.\nYou are provided a crop of the person from the frame of a camera video. Based on this crop, predict the following:\n- Age group\n- Gender (m or f)\nYou need to answer in the following format of <age group, gender>, here's an example: 0,f.\nBased on the given crop, predict the above attributes.\n"
      },
      {
        "from": "gpt",
        "value": "4,f"
      }
    ]
  },
  {
    "id": "1.0_m_29733",
    "image": "images/1.0_m_29733.jpg",
    "conversations": [
      {
        "from": "human",
        "value": "<image>\n\nThe age groups are: 0: (0-14), 1: (15-24), 2: (25-34), 3: (35-44), 4: (45-54), 5: (55-64) and 6: 65+.\nYou are provided a crop of the person from the frame of a camera video. Based on this crop, predict the following:\n- Age group\n- Gender (m or f)\nYou need to answer in the following format of <age group, gender>, here's an example: 0,f.\nBased on the given crop, predict the above attributes.\n"
      },
      {
        "from": "gpt",
        "value": "5,m"
      }
    ]
  },
  {
    "id": "1.0_m_34564",
    "image": "images/1.0_m_34564.jpg",
    "conversations": [
      {
        "from": "human",
        "value": "<image>\n\nThe age groups are: 0: (0-14), 1: (15-24), 2: (25-34), 3: (35-44), 4: (45-54), 5: (55-64) and 6: 65+.\nYou are provided a crop of the person from the frame of a camera video. Based on this crop, predict the following:\n- Age group\n- Gender (m or f)\nYou need to answer in the following format of <age group, gender>, here's an example: 0,f.\nBased on the given crop, predict the above attributes.\n"
      },
      {
        "from": "gpt",
        "value": "1,m"
      }
    ]
  },
  {
    "id": "1.0_m_10427_2560_0",
    "image": "images/1.0_m_10427_2560_0.png",
    "conversations": [
      {
        "from": "human",
        "value": "<image>\n\nThe age groups are: 0: (0-14), 1: (15-24), 2: (25-34), 3: (35-44), 4: (45-54), 5: (55-64) and 6: 65+.\nYou are provided a crop of the person from the frame of a camera video. Based on this crop, predict the following:\n- Age group\n- Gender (m or f)\nYou need to answer in the following format of <age group, gender>, here's an example: 0,f.\nBased on the given crop, predict the above attributes.\n"
      },
      {
        "from": "gpt",
        "value": "1,m"
      }
    ]
  },
  {
    "id": "1.0_m_32738",
    "image": "images/1.0_m_32738.jpg",
    "conversations": [
      {
        "from": "human",
        "value": "<image>\n\nThe age groups are: 0: (0-14), 1: (15-24), 2: (25-34), 3: (35-44), 4: (45-54), 5: (55-64) and 6: 65+.\nYou are provided a crop of the person from the frame of a camera video. Based on this crop, predict the following:\n- Age group\n- Gender (m or f)\nYou need to answer in the following format of <age group, gender>, here's an example: 0,f.\nBased on the given crop, predict the above attributes.\n"
      },
      {
        "from": "gpt",
        "value": "3,m"
      }
    ]
  },
  {
    "id": "1.0_m_2028_8438",
    "image": "images/1.0_m_2028_8438.png",
    "conversations": [
      {
        "from": "human",
        "value": "<image>\n\nThe age groups are: 0: (0-14), 1: (15-24), 2: (25-34), 3: (35-44), 4: (45-54), 5: (55-64) and 6: 65+.\nYou are provided a crop of the person from the frame of a camera video. Based on this crop, predict the following:\n- Age group\n- Gender (m or f)\nYou need to answer in the following format of <age group, gender>, here's an example: 0,f.\nBased on the given crop, predict the above attributes.\n"
      },
      {
        "from": "gpt",
        "value": "1,m"
      }
    ]
  },
  {
    "id": "1.0_m_6394181_e49aa15b-eaf7-462c-bc68-09825f5f37e6_1637641670079_7611_0.52",
    "image": "images/1.0_m_6394181_e49aa15b-eaf7-462c-bc68-09825f5f37e6_1637641670079_7611_0.52.jpg",
    "conversations": [
      {
        "from": "human",
        "value": "<image>\n\nThe age groups are: 0: (0-14), 1: (15-24), 2: (25-34), 3: (35-44), 4: (45-54), 5: (55-64) and 6: 65+.\nYou are provided a crop of the person from the frame of a camera video. Based on this crop, predict the following:\n- Age group\n- Gender (m or f)\nYou need to answer in the following format of <age group, gender>, here's an example: 0,f.\nBased on the given crop, predict the above attributes.\n"
      },
      {
        "from": "gpt",
        "value": "2,f"
      }
    ]
  },
  {
    "id": "1.0_f_16463_41620",
    "image": "images/1.0_f_16463_41620.png",
    "conversations": [
      {
        "from": "human",
        "value": "<image>\n\nThe age groups are: 0: (0-14), 1: (15-24), 2: (25-34), 3: (35-44), 4: (45-54), 5: (55-64) and 6: 65+.\nYou are provided a crop of the person from the frame of a camera video. Based on this crop, predict the following:\n- Age group\n- Gender (m or f)\nYou need to answer in the following format of <age group, gender>, here's an example: 0,f.\nBased on the given crop, predict the above attributes.\n"
      },
      {
        "from": "gpt",
        "value": "3,f"
      }
    ]
  },
  {
    "id": "1.0_f_4320_3928",
    "image": "images/1.0_f_4320_3928.png",
    "conversations": [
      {
        "from": "human",
        "value": "<image>\n\nThe age groups are: 0: (0-14), 1: (15-24), 2: (25-34), 3: (35-44), 4: (45-54), 5: (55-64) and 6: 65+.\nYou are provided a crop of the person from the frame of a camera video. Based on this crop, predict the following:\n- Age group\n- Gender (m or f)\nYou need to answer in the following format of <age group, gender>, here's an example: 0,f.\nBased on the given crop, predict the above attributes.\n"
      },
      {
        "from": "gpt",
        "value": "0,f"
      }
    ]
  }
]